{"cameraMode":{"drawMode":0,"name":"Shaded","section":"Shading Mode"},"sceneLighting":true,"audioPlay":false,"sceneViewState":{"showFog":false,"showMaterialUpdate":false,"showSkybox":false,"showFlares":false,"showImageEffects":false,"showParticleSystems":true},"in2DMode":false,"pivot":{"x":10.310603141784668,"y":-11.210807800292969,"z":6.1041259765625},"rotation":{"x":0.3267173171043396,"y":0.13295042514801026,"z":-0.046481307595968249,"w":0.9345734119415283},"size":20.308557510375978,"orthographic":false}