{"cameraMode":{"drawMode":0,"name":"Shaded","section":"Shading Mode"},"sceneLighting":true,"audioPlay":false,"sceneViewState":{"showFog":false,"showMaterialUpdate":false,"showSkybox":false,"showFlares":false,"showImageEffects":false,"showParticleSystems":true},"in2DMode":false,"pivot":{"x":0.4306448698043823,"y":-0.41652417182922366,"z":-5.266374588012695},"rotation":{"x":-0.2485266625881195,"y":-0.19963926076889039,"z":0.05242684483528137,"w":-0.9463774561882019},"size":13.442244529724121,"orthographic":false}